district_id,province,district,has_zone,est_year,dist_road_km,mean_ntl_2025,mean_score
TUR.1.2_1,Adana,Ceyhan,FALSE,,2.8217315320048826,1.8977726697921753,123.38
TUR.1.4_1,Adana,Imamoglu,FALSE,,3.8137985563704984,1.5643562078475952,107.27333333333333
TUR.1.5_1,Adana,Karaisali,FALSE,,24.3709997926304,0.9003046751022339,107.97000000000001
TUR.1.6_1,Adana,Karatas,FALSE,,35.39864311983518,0.9107908010482788,106.93666666666667
TUR.1.8_1,Adana,Pozanti,FALSE,,13.31152037549622,0.5654957890510559,108.38666666666666
TUR.1.10_1,Adana,Seyhan,FALSE,,8.775049024889528,9.929316520690918,125.77
TUR.1.12_1,Adana,Yumurtalik,FALSE,,17.226697300459676,1.2089831829071045,114.14333333333333
TUR.1.13_1,Adana,Yuregir,TRUE,1973,1.3707546249426756,8.064701080322266,117.52
TUR.2.1_1,Adiyaman,Besni,FALSE,,12.003742691756848,1.124557375907898,112.21666666666668
TUR.2.2_1,Adiyaman,Celikhan,FALSE,,25.696637515892157,0.5879092216491699,117.40333333333335
TUR.2.5_1,Adiyaman,Kahta,FALSE,,6.4890518008622795,1.3783384561538696,119.52
TUR.2.6_1,Adiyaman,Merkez,TRUE,2001,4.697656635070172,2.8728444576263428,134.41666666666666
TUR.2.7_1,Adiyaman,Samsat,FALSE,,18.27077031331961,0.6233430504798889,118.87666666666667
TUR.2.8_1,Adiyaman,Sincik,FALSE,,22.13169634982844,0.6236030459403992,116.25
TUR.2.9_1,Adiyaman,Tut,FALSE,,6.137492121992917,0.745830774307251,107.49333333333333
TUR.3.4_1,Afyon,Cay,FALSE,,7.847793078336523,1.082809329032898,110.93333333333334
TUR.3.5_1,Afyon,Cobanlar,FALSE,,5.040901347879933,1.687900185585022,113.7
TUR.3.7_1,Afyon,Dinar,FALSE,,4.415840181319382,1.135649561882019,111.60666666666667
TUR.3.11_1,Afyon,Ihsaniye,FALSE,,4.930364981153946,1.186970591545105,115.98
TUR.3.12_1,Afyon,Iscehisar,FALSE,,5.2909839178610065,1.5673941373825073,120.78000000000002
TUR.3.14_1,Afyon,Merkez,TRUE,1980,0.2965880649671203,4.919085502624512,135.63333333333333
TUR.3.15_1,Afyon,Sandikli,FALSE,,5.969493726571115,0.9265295267105103,111.21333333333332
TUR.3.16_1,Afyon,Sincanli,FALSE,,5.314886810369096,1.492684006690979,105.24333333333334
TUR.3.17_1,Afyon,Suhut,TRUE,,26.98116699843165,0.7224867343902588,107.06666666666666
TUR.5.1_1,Aksaray,Agacoren,FALSE,,7.990480401722022,0.4499230980873108,97.8
TUR.5.2_1,Aksaray,Eskil,FALSE,,1.6798179730637484,0.9802913069725037,113.79
TUR.5.3_1,Aksaray,Gulagac,FALSE,,12.526267141749996,2.25126314163208,89.87333333333333
TUR.5.4_1,Aksaray,Guzelyurt,FALSE,,22.993975644574626,1.2399662733078003,94.48333333333333
TUR.5.5_1,Aksaray,Merkez,TRUE,2000,3.7733097986773934,1.7118873596191406,123.02
TUR.5.6_1,Aksaray,Ortakoy,FALSE,,11.021114933876255,1.3846079111099243,103.7
TUR.5.7_1,Aksaray,Sariyahsi,FALSE,,0.9999549685045421,1.2898483276367188,89.64666666666666
TUR.6.1_1,Amasya,Goynucek,FALSE,,14.944880279670082,0.49003225564956665,101.77333333333333
TUR.6.2_1,Amasya,Gumushacikoy,FALSE,,2.298439313285926,0.9030091762542725,106.48666666666666
TUR.6.3_1,Amasya,Hamamozu,FALSE,,15.814933917229784,0.4825385510921478,104.26666666666667
TUR.6.4_1,Amasya,Merkez,TRUE,1993,4.838080604820296,1.3892617225646973,133.45333333333335
TUR.6.5_1,Amasya,Merzifon,TRUE,2007,0.30970396677396883,1.807559847831726,124.39666666666666
TUR.6.6_1,Amasya,Suluova,TRUE,,2.8830360147097114,2.2537615299224854,120.33666666666666
TUR.6.7_1,Amasya,Tasova,FALSE,,1.5580306191468607,0.8388519883155823,100.80333333333333
TUR.7.1_1,Ankara,Akyurt,FALSE,,6.936609529722732,1.658225655555725,128.04
TUR.7.2_1,Ankara,Altindag,FALSE,,1.7767453493791387,19.50513458251953,132.34666666666666
TUR.7.3_1,Ankara,Ayas,FALSE,,2.3396779125969775,1.0299540758132935,118.35666666666667
TUR.7.4_1,Ankara,Bala,FALSE,,4.331911475908375,0.8111394047737122,108.72666666666667
TUR.7.5_1,Ankara,Beypazari,FALSE,,1.5719687320836297,0.8007911443710327,122.29333333333334
TUR.7.7_1,Ankara,Cankaya,FALSE,,1.855223416818599,49.139137268066406,178.11333333333334
TUR.7.8_1,Ankara,Cubuk,FALSE,,15.58061313380572,3.4903335571289063,125.2
TUR.7.9_1,Ankara,Elmadag,TRUE,,5.73940119854148,4.271913528442383,133.00666666666666
TUR.7.10_1,Ankara,Etimesgut,FALSE,,0.23225143789233388,42.24946212768555,167.92333333333332
TUR.7.11_1,Ankara,Evren,FALSE,,3.099780371423773,1.354876160621643,96.85333333333334
TUR.7.12_1,Ankara,Golbasi,FALSE,,0.7813865174817899,6.844482898712158,162.00333333333333
TUR.7.14_1,Ankara,Haymana,FALSE,,13.928263422256471,0.5816207528114319,102.77333333333333
TUR.7.15_1,Ankara,Kalecik,FALSE,,0.3775058422808124,0.563988447189331,108.75
TUR.7.16_1,Ankara,Kazan,TRUE,,0.042969966381530764,8.597991943359375,136.97
TUR.7.17_1,Ankara,Kecioren,FALSE,,3.1338910807952574,23.035869598388672,140.40666666666667
TUR.7.18_1,Ankara,Kizilcahamam,FALSE,,0.4016159250060664,0.7918846607208252,111.63333333333333
TUR.7.19_1,Ankara,Mamak,FALSE,,4.175880170820751,8.31041145324707,135.21666666666667
TUR.7.20_1,Ankara,Nallihan,FALSE,,8.912418297155885,0.44307172298431396,111.87666666666667
TUR.7.21_1,Ankara,Polatli,TRUE,2003,7.170301911921532,1.5141793489456177,127.22666666666667
TUR.7.22_1,Ankara,Sincan,FALSE,,5.459142853261139,10.176118850708008,134.97
TUR.7.23_1,Ankara,Sultan Kochisar,TRUE,,1.5544431097302456,0.7171943187713623,107.47666666666667
TUR.7.24_1,Ankara,Yenimahalle,TRUE,1967,0.3483024007391381,30.940650939941406,161.91333333333333
TUR.8.1_1,Antalya,Akseki,FALSE,,21.53360853805942,0.3714771866798401,101.41000000000001
TUR.8.7_1,Antalya,Ibradi,FALSE,,6.2114257011466885,0.15966518223285675,116.70666666666666
TUR.8.10_1,Antalya,Kemer,FALSE,,3.8954708227439623,2.60709547996521,130.06
TUR.8.11_1,Antalya,Korkuteli,FALSE,,0.09825197375680077,1.0928174257278442,113.71
TUR.8.12_1,Antalya,Kumluca,FALSE,,14.256677799372119,1.5458935499191284,124.15333333333332
TUR.8.14_1,Antalya,Merkez,TRUE,,0.9779889746991676,10.290217399597168,149.07666666666668
TUR.8.15_1,Antalya,Serik,FALSE,,18.129102834962378,3.0258467197418213,127.54666666666667
TUR.11.3_1,Aydin,Cine,FALSE,,1.7247080616244401,1.351508378982544,109.35333333333334
TUR.11.4_1,Aydin,Didim,FALSE,,5.368927366222502,5.142507076263428,115.60000000000001
TUR.11.5_1,Aydin,Germencik,FALSE,,0.25819011998568997,2.3550353050231934,107.23666666666666
TUR.11.6_1,Aydin,Incirliova,FALSE,,1.2829959515050795,3.1238250732421875,113.2
TUR.11.9_1,Aydin,Kocarli,FALSE,,14.92046358213552,1.0425807237625122,100.06666666666668
TUR.11.10_1,Aydin,Kosk,FALSE,,7.4359344722532335,1.7678529024124146,103.39333333333333
TUR.11.11_1,Aydin,Kusadasi,FALSE,,1.2180884079656589,11.890426635742188,129.14666666666668
TUR.11.13_1,Aydin,Merkez,TRUE,1980,1.1216624658329923,4.371503829956055,138.97333333333333
TUR.11.15_1,Aydin,Soke,TRUE,1996,0.9816575342682966,1.4320405721664429,125.03000000000002
TUR.11.17_1,Aydin,Yenipazar,FALSE,,2.711010802285381,1.4760510921478271,104.82000000000001
TUR.12.1_1,Balikesir,Ayvalik,FALSE,,6.033377377204266,3.865602493286133,121.96333333333335
TUR.12.2_1,Balikesir,Balya,FALSE,,18.128467161589004,0.5230852365493774,93.80333333333334
TUR.12.4_1,Balikesir,Bigadic,FALSE,,8.20748915490966,1.0387306213378906,110.17666666666666
TUR.12.5_1,Balikesir,Burhaniye,FALSE,,6.529454574402729,3.965099811553955,123.01333333333332
TUR.12.6_1,Balikesir,Dursunbey,FALSE,,6.641718752310891,0.4587945342063904,98.72333333333331
TUR.12.9_1,Balikesir,Gomec,FALSE,,6.359463724017904,2.50250506401062,117.87
TUR.12.10_1,Balikesir,Gonen,FALSE,,17.140640181945663,1.3051501512527466,116.30333333333333
TUR.12.11_1,Balikesir,Havran,FALSE,,4.495361618608221,1.0231835842132568,100.77333333333333
TUR.12.12_1,Balikesir,Ivrindi,FALSE,,10.451352992558425,0.9508447051048279,99.81333333333333
TUR.12.13_1,Balikesir,Kepsut,FALSE,,5.526669302451595,0.6882840991020203,97.81
TUR.12.14_1,Balikesir,Manyas,FALSE,,17.192587700472767,0.8938058614730835,103.86000000000001
TUR.12.16_1,Balikesir,Merkez,TRUE,,1.1581239788411462,3.6110739707946777,135.74
TUR.12.17_1,Balikesir,Savastepe,FALSE,,0.9135402368152449,1.2659841775894165,108.05666666666666
TUR.12.18_1,Balikesir,Sindirgi,FALSE,,20.07345339298461,0.5533374547958374,96.35666666666667
TUR.12.19_1,Balikesir,Susurluk,FALSE,,1.0169328066662588,1.2637434005737305,114.55666666666666
TUR.15.1_1,Bayburt,Aydintepe,FALSE,,9.902791771458746,1.1767406463623047,111.93666666666667
TUR.15.2_1,Bayburt,Demirozu,FALSE,,27.173544299172825,0.6274017691612244,107.77999999999999
TUR.15.3_1,Bayburt,Merkez,TRUE,,4.037898043726201,0.8723398447036743,130.45666666666668
TUR.16.1_1,Bilecik,Bozuyuk,FALSE,,4.2386581539642965,1.8997869491577148,133.66666666666666
TUR.16.3_1,Bilecik,Inhisar,FALSE,,26.413663075649108,0.3780370354652405,90.10000000000001
TUR.16.4_1,Bilecik,Merkez,FALSE,,0.715841233224442,2.1344656944274902,139.66333333333333
TUR.16.6_1,Bilecik,Pazaryeri,FALSE,,12.73952581811579,1.218319296836853,104.76666666666667
TUR.16.7_1,Bilecik,Sogut,FALSE,,17.06197800651964,1.075581669807434,121.88
TUR.17.1_1,Bingol,Adakli,FALSE,,26.53009404116448,0.2793234586715698,100.10000000000001
TUR.17.2_1,Bingol,Genc,FALSE,,12.146840239048863,0.38916829228401184,116.89333333333333
TUR.17.3_1,Bingol,Karliova,FALSE,,1.7201968531532708,0.35979247093200684,101.88
TUR.17.4_1,Bingol,Kigi,FALSE,,36.4759169106535,0.6782680153846741,107.67666666666666
TUR.17.5_1,Bingol,Merkez,TRUE,,4.841986788918116,1.26151704788208,132.53333333333333
TUR.17.6_1,Bingol,Solhan,FALSE,,2.8326427936944536,0.6258232593536377,118.59999999999998
TUR.18.1_1,Bitlis,Adilcevaz,FALSE,,3.7564738345841406,0.6047327518463135,120.21666666666665
TUR.18.2_1,Bitlis,Ahlat,FALSE,,12.825168403887504,0.898230791091919,119.12333333333333
TUR.18.3_1,Bitlis,Guroymak,FALSE,,1.659911751964643,1.592390775680542,117.23666666666668
TUR.18.4_1,Bitlis,Hizan,FALSE,,21.270337180738462,0.8556327223777771,112.42666666666666
TUR.18.5_1,Bitlis,Merkez,FALSE,,6.200696917020194,1.2994133234024048,135.63333333333333
TUR.18.7_1,Bitlis,Tatvan,TRUE,2000,4.0039378045929075,0.8232757449150085,132.15666666666667
TUR.19.6_1,Bolu,Merkez,FALSE,,1.9094949377850992,2.118274688720703,142.54999999999998
TUR.19.7_1,Bolu,Mudurnu,FALSE,,28.896955714780354,0.47147905826568604,115.83666666666666
TUR.20.3_1,Burdur,Bucak,FALSE,,5.074309613482401,1.1915621757507324,122.88
TUR.21.1_1,Bursa,Buyukorhan,FALSE,,13.635988072673255,0.6823670864105225,92.19666666666666
TUR.21.2_1,Bursa,Gemlik,FALSE,,1.2318352162586597,5.155735969543457,131.46333333333334
TUR.21.3_1,Bursa,Gursu,FALSE,,0.2723763689235676,7.343596458435059,127.5
TUR.21.5_1,Bursa,Inegol,TRUE,2012,4.4689327407456485,3.3293604850769043,128.53
TUR.21.6_1,Bursa,Iznik,FALSE,,4.2933712522758105,1.131152868270874,118.22666666666667
TUR.21.7_1,Bursa,Karacabey,FALSE,,3.6842736023772407,1.551571249961853,119.91333333333334
TUR.21.8_1,Bursa,Keles,FALSE,,22.566137061314937,0.6451436281204224,102.01333333333332
TUR.21.9_1,Bursa,Kestel,TRUE,2004,2.5335590595999893,5.608613014221191,133.41666666666666
TUR.21.10_1,Bursa,Mudanya,FALSE,,8.486268874215039,3.0867111682891846,137.70333333333332
TUR.21.11_1,Bursa,Mustafa Kemalpasa,TRUE,2015,13.444733108236774,1.2337087392807007,115.96333333333332
TUR.21.12_1,Bursa,Nilufer,TRUE,2011,0.702261981327384,15.065284729003906,166.38
TUR.21.13_1,Bursa,Orhaneli,FALSE,,30.63261313962532,0.7903357148170471,101.64333333333333
TUR.21.15_1,Bursa,Osmangazi,FALSE,,12.23758013078923,2.391047477722168,135.97666666666666
TUR.21.16_1,Bursa,Yenisehir,FALSE,,1.0645684188050943,1.714990496635437,121.08333333333333
TUR.21.17_1,Bursa,Yildirim,FALSE,,0.7844944061089568,45.83646011352539,129.87666666666667
TUR.22.2_1,Canakkale,Bayramic,FALSE,,28.812240699358966,0.49931076169013977,103.41000000000001
TUR.22.3_1,Canakkale,Biga,TRUE,,3.151616194086428,1.3998918533325195,120.5
TUR.22.5_1,Canakkale,Can,FALSE,,4.917688538843138,1.030719518661499,122.20333333333333
TUR.22.7_1,Canakkale,Ezine,FALSE,,3.7001444992442143,1.4462454319000244,106.54666666666667
TUR.22.8_1,Canakkale,Gelibolu,FALSE,,1.947521888935329,1.1725425720214844,119.16333333333334
TUR.22.10_1,Canakkale,Lapseki,FALSE,,11.444103823395608,1.015799641609192,114.17333333333333
TUR.22.11_1,Canakkale,Merkez,TRUE,1997,8.994711505526775,2.416778087615967,148.57333333333335
TUR.22.12_1,Canakkale,Yenice,FALSE,,16.417132417236132,0.48488202691078186,102.08333333333333
TUR.23.4_1,Cankiri,Eldivan,FALSE,,8.98966872224128,0.9095155596733093,109.44666666666667
TUR.23.5_1,Cankiri,Ilgaz,FALSE,,3.3344964799605026,0.8246697187423706,99.18666666666667
TUR.23.6_1,Cankiri,Kizilirmak,FALSE,,29.048083547868178,0.47993627190589905,102.86333333333334
TUR.23.7_1,Cankiri,Korgun,FALSE,,2.296586362016827,0.5312018394470215,97.82666666666667
TUR.23.9_1,Cankiri,Merkez,TRUE,2012,10.956099086508713,1.2040486335754395,132.7
TUR.23.12_1,Cankiri,Yaprakli,FALSE,,24.092768813914205,0.370842844247818,91.38333333333333
TUR.24.1_1,Corum,Alaca,FALSE,,2.162687246346535,0.83603668212890625,104.03333333333335
TUR.24.2_1,Corum,Bayat,FALSE,,38.05797482415345,0.43786564469337463,95.98333333333333
TUR.24.4_1,Corum,Dodurga,FALSE,,7.6885355106888165,1.052344560623169,96.54
TUR.24.5_1,Corum,Iskilip,FALSE,,27.774884922565906,0.6160791516304016,101.58333333333333
TUR.24.6_1,Corum,Kargi,FALSE,,7.0261825715007165,0.5492571592330933,89.82
TUR.24.7_1,Corum,Lacin,FALSE,,1.6700574183089012,0.8368189334869385,97.39666666666666
TUR.24.8_1,Corum,Mecitozu,FALSE,,5.879443089761374,0.687192440032959,99.82333333333334
TUR.24.9_1,Corum,Merkez,TRUE,1977,1.501243661500084,1.9342643022537231,126.04666666666667
TUR.24.10_1,Corum,Oguzlar,FALSE,,16.364844063387775,0.71360015869140625,98.35333333333334
TUR.24.11_1,Corum,Ortakoy,FALSE,,11.874671453965707,0.650751531124115,108.44333333333334
TUR.24.12_1,Corum,Osmancik,TRUE,2014,3.971444081261358,0.9113115072250366,106.90333333333335
TUR.24.13_1,Corum,Sungurlu,FALSE,,4.555495304853761,0.7242062091827393,107.46333333333332
TUR.24.14_1,Corum,Ugurludag,FALSE,,24.410748809445483,0.3687160015106201,107.11000000000001
TUR.25.1_1,Denizli,Acipayam,FALSE,,8.38655665243809,0.7636486291885376,111.69333333333333
TUR.25.4_1,Denizli,Baklan,FALSE,,5.600580971620086,0.9400108456611633,104.96999999999998
TUR.25.7_1,Denizli,Bozkurt,FALSE,,9.917947033855853,0.549310564994812,110.21999999999998
TUR.25.9_1,Denizli,Cal,FALSE,,13.938626238145273,0.8487750887870789,105.74000000000001
TUR.25.14_1,Denizli,Honaz,TRUE,2015,8.716341431054497,2.7881484031677246,117.35333333333334
TUR.25.16_1,Denizli,Merkez,FALSE,,3.0434531856799403,9.700830459594727,144.17
TUR.25.18_1,Denizli,Serinhisar,FALSE,,0.7461497406360268,1.2769341468811035,106.71666666666665
TUR.26.1_1,Diyarbakir,Bismil,FALSE,,5.674726669794593,1.655752420425415,113.03000000000002
TUR.26.3_1,Diyarbakir,Cinar,FALSE,,11.584447912393316,1.0580990314483643,94.61666666666667
TUR.26.5_1,Diyarbakir,Dicle,FALSE,,30.604811325078142,0.7372487187385559,107.57333333333334
TUR.26.6_1,Diyarbakir,Egil,FALSE,,17.154179591740295,1.0159673690795898,109.25666666666666
TUR.26.7_1,Diyarbakir,Ergani,FALSE,,7.871596565611086,1.1133097410202026,120.14
TUR.26.8_1,Diyarbakir,Hani,FALSE,,9.877483529105126,1.3148107528686523,110.87333333333333
TUR.26.9_1,Diyarbakir,Hazro,FALSE,,14.288332063466697,0.8187289834022522,100.54333333333334
TUR.26.10_1,Diyarbakir,Kocakoy,FALSE,,0.7991413090886608,1.8806644678115845,110.67666666666668
TUR.26.13_1,Diyarbakir,Merkez,TRUE,,6.188551816783074,4.887415409088135,148.28666666666666
TUR.26.14_1,Diyarbakir,Silvan,FALSE,,0.8798342602077356,1.2256478071212769,115.90666666666668
TUR.27.4_1,Duzce,Golyaka,FALSE,,7.849019421501194,2.0824429988861084,117.56
TUR.27.6_1,Duzce,Kaynasli,TRUE,,4.700999550533627,1.9526264667510986,119.67
TUR.27.7_1,Duzce,Merkez,FALSE,,4.778495861613544,5.859996318817139,136.2433333333333
TUR.28.2_1,Edirne,Havsa,FALSE,,2.8060521170697634,1.0646878480911255,110.88666666666666
TUR.28.4_1,Edirne,Kesan,FALSE,,6.50093896079292,1.200305700302124,119.19666666666666
TUR.28.5_1,Edirne,Lalapasa,FALSE,,26.820267170436193,0.7717364430427551,108.67333333333333
TUR.28.7_1,Edirne,Merkez,FALSE,,0.11309823116936871,3.063025712966919,141.49
TUR.28.8_1,Edirne,Suleoglu,TRUE,,15.691948095986753,0.7284668684005737,111.14333333333333
TUR.28.9_1,Edirne,Uzunkopru,FALSE,,1.9273222270098407,1.0833348035812378,106.92
TUR.29.5_1,Elazig,Karakocan,FALSE,,4.7198742755891665,0.6066871285438538,103.3
TUR.29.7_1,Elazig,Kovancilar,FALSE,,4.537657810974557,1.0556820631027222,110.49333333333334
TUR.29.10_1,Elazig,Palu,FALSE,,12.85502817921227,0.37893378734588623,115.75333333333333
TUR.30.1_1,Erzincan,Cayirli,FALSE,,23.834239648219754,0.3260570168495178,109.75666666666666
TUR.30.3_1,Erzincan,Kemah,FALSE,,29.693179689505744,0.19760088622570038,87.14333333333333
TUR.30.5_1,Erzincan,Merkez,TRUE,2011,1.2435674569440978,2.025636911392212,132.47333333333333
TUR.30.6_1,Erzincan,Otlukbeli,FALSE,,29.377314729857495,0.2843032479286194,117.52333333333333
TUR.30.7_1,Erzincan,Refahiye,FALSE,,0.4697510119795874,0.4565901756286621,98.46333333333332
TUR.30.9_1,Erzincan,Uzumlu,FALSE,,6.1321710740297535,0.8022547364234924,109.41333333333334
TUR.31.1_1,Erzurum,Askale,FALSE,,2.2655196995433036,0.5269861221313477,116.01666666666667
TUR.31.5_1,Erzurum,Ilica,FALSE,,2.197325321925752,0.40891146659851074,139.60333333333332
TUR.31.6_1,Erzurum,Ispir,FALSE,,6.28098228053792,0.42022234201431274,100.74333333333334
TUR.31.15_1,Erzurum,Pazaryolu,FALSE,,15.209870533417513,0.34541425108909607,96.29666666666667
TUR.32.1_1,Eskisehir,Alpu,FALSE,,31.42645498829083,0.43440648913383484,103.51666666666667
TUR.32.4_1,Eskisehir,Gunyuzu,FALSE,,15.52887532745701,0.3956068754196167,104.11333333333334
TUR.32.6_1,Eskisehir,Inonu,FALSE,,2.8321746439146733,1.5307950973510742,112.19666666666666
TUR.32.7_1,Eskisehir,Mahmudiye,FALSE,,0.7833478728919471,0.6453186273574829,114.10333333333334
TUR.32.8_1,Eskisehir,Merkez,TRUE,,1.4462521063169043,3.1835713386535645,140.31666666666666
TUR.32.9_1,Eskisehir,Mihalgazi,FALSE,,25.060184412912047,0.7855576276779175,97
TUR.32.10_1,Eskisehir,Mihaliccik,FALSE,,25.18779815535862,0.2877931296825409,101.20333333333333
TUR.32.11_1,Eskisehir,Saricakaya,FALSE,,36.57358237186061,0.28871411085128784,100.54666666666667
TUR.32.12_1,Eskisehir,Seyitgazi,FALSE,,31.299118772366487,0.6797393560409546,109.91000000000001
TUR.33.2_1,Gaziantep,Islahiye,FALSE,,5.455309949354202,1.514790654182434,119.15333333333332
TUR.33.4_1,Gaziantep,Nizip,FALSE,,1.5025525659042012,2.153102159500122,115.95666666666666
TUR.33.5_1,Gaziantep,Nurdagi,FALSE,,3.753123848504204,1.8914750814437866,110.38
TUR.33.6_1,Gaziantep,Oguzeli,FALSE,,14.91605324223556,2.273423433303833,121.36000000000001
TUR.33.7_1,Gaziantep,Sahinbey,FALSE,,4.126018028207342,8.117704391479492,125.11000000000001
TUR.33.8_1,Gaziantep,Sehitkamil,TRUE,2007,1.3460220731874135,8.497015953063965,129.12
TUR.33.9_1,Gaziantep,Yavuzeli,FALSE,,6.246342455906377,1.0376474857330322,103.83666666666666
TUR.34.5_1,Giresun,Dereli,FALSE,,15.196169194513509,0.758031964302063,100.81666666666666
TUR.34.7_1,Giresun,Espiye,FALSE,,8.737110938556377,2.4741270542144775,114.97666666666667
TUR.34.11_1,Giresun,Kesap,TRUE,,6.843397532564448,3.3131532669067383,109.68666666666667
TUR.34.12_1,Giresun,Merkez,FALSE,,11.089785678481192,3.4445323944091797,135.12666666666667
TUR.34.16_1,Giresun,Yaglidere,FALSE,,21.849866297621407,1.025184154510498,104.38
TUR.35.1_1,Gumushane,Kelkit,FALSE,,5.441397896777216,0.7052304148674011,101.60333333333334
TUR.35.2_1,Gumushane,Kose,FALSE,,19.866469966393076,0.920835018157959,110.91333333333334
TUR.35.4_1,Gumushane,Merkez,FALSE,,5.779719075614583,0.6639434695243835,137.17
TUR.37.3_1,Hatay,Dortyol,TRUE,2000,4.971290419258245,4.778580188751221,133.03
TUR.37.4_1,Hatay,Erzin,TRUE,,0.5591205100339903,4.33566951751709,124.49333333333334
TUR.37.5_1,Hatay,Hassa,FALSE,,2.3480292821646866,2.3202333450317383,112.23
TUR.37.6_1,Hatay,Iskenderun,FALSE,,8.7452167496,7.290344715118408,133.26333333333332
TUR.37.7_1,Hatay,Kirikhan,FALSE,,3.107346593299861,2.8605759143829346,112.95666666666666
TUR.39.9_1,Isparta,Senirkent,FALSE,,26.653243794575616,0.5573649406433105,111.21
TUR.39.11_1,Isparta,Uluborlu,FALSE,,17.546967047166763,0.8879385590553284,116.49333333333334
TUR.39.12_1,Isparta,Yalvac,FALSE,,3.2977681876845066,1.0364439487457275,104.43333333333334
TUR.40.2_1,Istanbul,Arnavutkoy,FALSE,,2.4112305285571587,13.87087345123291,131.41
TUR.40.3_1,Istanbul,Atasehir,TRUE,1977,0.25771046583149054,81.39945220947266,162.00333333333333
TUR.40.4_1,Istanbul,Avcilar,FALSE,,3.3652091891708173,32.363929748535156,139.75666666666666
TUR.40.5_1,Istanbul,Bagcilar,FALSE,,1.4545405811759413,72.29216003417969,137
TUR.40.8_1,Istanbul,Basaksehir,TRUE,1985,0.15787869203485408,39.01113510131836,151.3166666666667
TUR.40.12_1,Istanbul,Beylikduzu,TRUE,2002,2.607727073824782,60.864471435546875,152.04
TUR.40.14_1,Istanbul,Buyukcekmece,FALSE,,0.9191128917793491,29.126005172729492,145.16
TUR.40.15_1,Istanbul,Catalca,FALSE,,4.5970935459257545,2.6959609985351563,126.53333333333332
TUR.40.17_1,Istanbul,Esenler,FALSE,,0.07794928598268892,56.05397415161133,133.32333333333335
TUR.40.18_1,Istanbul,Esenyurt,FALSE,,0.9080528739414702,61.585960388183594,134.35
TUR.40.19_1,Istanbul,Eyup,FALSE,,2.3173522205530355,13.603902816772461,152.01
TUR.40.23_1,Istanbul,Kadikoy,FALSE,,0.09991161997076281,76.42774963378906,176.1966666666667
TUR.40.26_1,Istanbul,Kucukcekmece,FALSE,,2.5946077243818153,59.84459686279297,147.50333333333336
TUR.40.27_1,Istanbul,Maltepe,FALSE,,2.267304162799778,59.30848693847656,162.97666666666666
TUR.40.28_1,Istanbul,Pendik,FALSE,,0.21155755311285812,24.761716842651367,153.08666666666667
TUR.40.29_1,Istanbul,Sancaktepe,FALSE,,0.43246839520221525,41.278690338134766,148.56999999999996
TUR.40.31_1,Istanbul,Sile,FALSE,,5.061557373198023,2.591031789779663,128.47333333333333
TUR.40.39_1,Istanbul,Silivri,FALSE,,2.0651848155692814,7.0718488693237305,135.34333333333333
TUR.40.34_1,Istanbul,Sultangazi,FALSE,,0.5705460121747575,35.01911926269531,131.42
TUR.40.35_1,Istanbul,Tuzla,FALSE,,0.26169643793683306,38.9649543762207,160.93666666666664
TUR.40.36_1,Istanbul,Umraniye,FALSE,,0.1694628122636132,55.11880111694336,157.98999999999998
TUR.40.37_1,Istanbul,Uskudar,FALSE,,1.384463612886862,63.23426818847656,162.58
TUR.41.1_1,Izmir,Aliaga,FALSE,,1.0987460921259842,15.189926147460938,150.07000000000002
TUR.41.3_1,Izmir,Bayindir,FALSE,,5.233036901961445,1.6243034601211548,101.17333333333333
TUR.41.4_1,Izmir,Bergama,TRUE,2001,6.358298546506481,1.3920118808746338,118.29
TUR.41.6_1,Izmir,Bornova,TRUE,1996,0.7038978242206055,15.105035781860352,144.9466666666667
TUR.41.7_1,Izmir,Buca,FALSE,,2.3231093518937054,8.890603065490723,139.55666666666667
TUR.41.9_1,Izmir,Cigli,TRUE,1990,3.2554624025928023,19.18065643310547,148.13
TUR.41.10_1,Izmir,Dikili,FALSE,,1.7978369535561955,2.483574628829956,118.52333333333333
TUR.41.12_1,Izmir,Gaziemir,FALSE,,0.8810391707535467,21.347349166870117,151.5533333333333
TUR.41.13_1,Izmir,Guzelbahce,FALSE,,4.00898924781067,8.240822792053223,163.95000000000002
TUR.41.15_1,Izmir,Karsiyaka,FALSE,,1.249266347803473,33.77024841308594,160.59
TUR.41.16_1,Izmir,Kemalpasa,FALSE,,3.105671123237753,3.5788769721984863,129.57666666666668
TUR.41.17_1,Izmir,Kinik,TRUE,1970,4.355204772223965,1.5890991687774658,112.25999999999999
TUR.41.19_1,Izmir,Konak,FALSE,,0.34552136897046665,51.291988372802734,128.37333333333333
TUR.41.20_1,Izmir,Menderes,TRUE,,13.09449337245979,3.206132173538208,130.28
TUR.41.21_1,Izmir,Menemen,FALSE,,0.8173867499258329,4.47584867477417,140.54666666666665
TUR.41.22_1,Izmir,Narlidere,FALSE,,3.471534202429937,7.922858715057373,159.63
TUR.41.23_1,Izmir,Odemis,FALSE,,13.633460400946342,1.9399611949920654,109.28000000000002
TUR.41.24_1,Izmir,Seferihisar,FALSE,,18.033427446086954,3.6301732063293457,134.51333333333335
TUR.41.25_1,Izmir,Selcuk,FALSE,,1.2131314908109867,2.5870869159698486,126.02333333333333
TUR.41.26_1,Izmir,Tire,TRUE,1998,10.034448248866921,2.1530134677886963,119.43666666666667
TUR.41.27_1,Izmir,Torbali,FALSE,,0.2242670178352614,5.489274501800537,131.22333333333336
TUR.41.28_1,Izmir,Urla,FALSE,,0.4872981773786753,2.5838098526000977,146
TUR.42.2_1,K. Maras,Andirin,FALSE,,30.00068417843212,0.6561307311058044,111.54666666666667
TUR.42.3_1,K. Maras,Caglayancerit,FALSE,,22.119764731258396,1.1448137760162354,98.22333333333334
TUR.42.4_1,K. Maras,Ekinozu,FALSE,,20.816579746486042,0.6962882876396179,107.48333333333333
TUR.42.6_1,K. Maras,Goksun,FALSE,,0.7642779897981153,0.5528076887130737,114.97666666666665
TUR.42.7_1,K. Maras,Merkez,TRUE,,7.09566441671749,2.7860536575317383,136.46
TUR.42.8_1,K. Maras,Nurhak,FALSE,,25.706256255076173,0.3056921064853668,97.44
TUR.42.9_1,K. Maras,Pazarcik,FALSE,,2.6660011707509685,1.3985257148742676,102.87
TUR.42.10_1,K. Maras,Turkoglu,FALSE,,5.123396758043707,3.2631325721740723,115.63333333333333
TUR.43.2_1,Karabuk,Eskipazar,FALSE,,2.9321629912231955,0.7646082043647766,104.98
TUR.43.3_1,Karabuk,Merkez,TRUE,1995,9.127403938492584,1.8317872285842896,125.56666666666666
TUR.43.4_1,Karabuk,Ovacik,FALSE,,12.573633094388642,0.5858971476554871,101.28666666666668
TUR.43.5_1,Karabuk,Safranbolu,FALSE,,0.22199354481177316,2.4479188919067383,134.77666666666667
TUR.43.6_1,Karabuk,Yenice,FALSE,,15.476619369488505,0.6130344867706299,96.29
TUR.44.1_1,Karaman,Ayranci,FALSE,,7.596173724923989,0.25935015082359314,105.54333333333334
TUR.44.3_1,Karaman,Ermenek,FALSE,,44.3372492938128,0.49690088629722595,110.88666666666666
TUR.44.4_1,Karaman,Kazimkarabekir,FALSE,,23.008447111604454,0.23633569478988647,113.54666666666667
TUR.44.5_1,Karaman,Merkez,TRUE,1989,3.9696484172474324,1.549387812614441,123.84333333333332
TUR.46.2_1,Kastamonu,Agli,FALSE,,14.215724842410587,0.8093239665031433,106.01333333333332
TUR.46.8_1,Kastamonu,Daday,FALSE,,22.54042440286312,0.3993878662586212,112.24333333333334
TUR.46.9_1,Kastamonu,Devrekani,FALSE,,13.76210384909586,0.8759040236473083,110.08999999999999
TUR.46.12_1,Kastamonu,Ihsangazi,FALSE,,11.452961804873222,0.45705315470695496,113.17
TUR.46.14_1,Kastamonu,Kure,FALSE,,18.263418438263685,0.6504257321357727,103.81
TUR.46.15_1,Kastamonu,Merkez,TRUE,1993,6.8605179718871145,1.5559816360473633,140.09333333333333
TUR.46.18_1,Kastamonu,Seydiler,TRUE,2000,2.8252195369622375,1.2053074836730957,115.36000000000001
TUR.46.19_1,Kastamonu,Taskopru,FALSE,,5.321877078459745,0.6001573801040649,109.67
TUR.46.20_1,Kastamonu,Tosya,TRUE,,0.32150180604708045,0.8950128555297852,105.83333333333333
TUR.47.2_1,Kayseri,Bunyan,FALSE,,12.488448145279241,0.9418018460273743,110.54666666666667
TUR.47.3_1,Kayseri,Develi,FALSE,,15.059669440817398,0.7602631449699402,111.54333333333334
TUR.47.5_1,Kayseri,Hacilar,TRUE,,4.767221785922418,19.515274047851563,119.77999999999999
TUR.47.6_1,Kayseri,Incesu,FALSE,,0.7924042405996304,1.890089511871338,112.58666666666666
TUR.47.7_1,Kayseri,Kocasinan,FALSE,,13.626518759794386,3.021275043487549,129.44
TUR.47.8_1,Kayseri,Melikgazi,FALSE,,1.558838362219496,48.49937057495117,134.79
TUR.47.13_1,Kayseri,Talas,TRUE,,0.2868737285558181,6.7572526931762695,149.85333333333335
TUR.47.14_1,Kayseri,Tomarza,FALSE,,15.927212237590911,0.6839212775230408,102.31666666666666
TUR.48.1_1,Kilis,Elbeyli,FALSE,,14.458672856945121,2.012678623199463,113.20333333333333
TUR.48.2_1,Kilis,Merkez,TRUE,,3.407470248441919,5.165804386138916,129.36666666666665
TUR.48.3_1,Kilis,Musabeyli,FALSE,,10.96535387791905,1.0419354438781738,97.45333333333333
TUR.48.4_1,Kilis,Polateli,FALSE,,11.318517583346948,1.443284511566162,105.43
TUR.49.2_1,Kinkkale,Baliseyh,FALSE,,2.52896385242188,2.6422340869903564,109.92333333333333
TUR.49.3_1,Kinkkale,Celebi,FALSE,,16.809882093921708,0.7063279151916504,108.36
TUR.49.4_1,Kinkkale,Delice,FALSE,,5.332161480142839,0.5801995396614075,101.42333333333333
TUR.49.5_1,Kinkkale,Karakecili,FALSE,,3.0799314527524273,0.6122431755065918,111.21999999999998
TUR.49.8_1,Kinkkale,Sulakyurt,FALSE,,22.194850171021447,0.39204636216163635,95.17999999999999
TUR.49.9_1,Kinkkale,Yahsihan,FALSE,,1.5456451650535667,4.855922698974609,151.1
TUR.50.1_1,Kirklareli,Babaeski,FALSE,,1.076712108646664,1.7356420755386353,117.19333333333333
TUR.50.2_1,Kirklareli,Demirkoy,FALSE,,29.402008934730947,0.2310781329870224,108.7
TUR.50.3_1,Kirklareli,Kofcaz,FALSE,,25.275224791373844,0.23465074598789215,97.54666666666667
TUR.50.4_1,Kirklareli,Luleburgaz,TRUE,2014,2.6638364561693604,2.451514720916748,136.66666666666666
TUR.50.5_1,Kirklareli,Merkez,TRUE,,2.073679757188513,1.0919498205184937,131.66666666666666
TUR.50.7_1,Kirklareli,Pinarhisar,FALSE,,1.3700168979981642,0.7970154285430908,113.72333333333331
TUR.51.1_1,Kirsehir,Akcakent,FALSE,,16.415245033026874,0.48847848176956177,95.20333333333333
TUR.51.2_1,Kirsehir,Akpinar,FALSE,,2.0516746393361,0.814598560333252,102.45333333333333
TUR.51.3_1,Kirsehir,Boztepe,FALSE,,26.740248703561917,0.492603063583374,118.80666666666667
TUR.51.4_1,Kirsehir,Cicekdagi,FALSE,,11.893083761230425,1.2045907974243164,105.72333333333334
TUR.51.5_1,Kirsehir,Kaman,FALSE,,10.1510061783507,0.9346257448196411,108.12666666666667
TUR.51.6_1,Kirsehir,Merkez,TRUE,,1.7747135772370748,1.7580674886703491,130.87
TUR.51.7_1,Kirsehir,Mucur,FALSE,,8.407381802106832,0.6575409770011902,115.11
TUR.52.1_1,Kocaeli,Derince,FALSE,,7.297931860039053,1.9589166641235352,146.23
TUR.52.2_1,Kocaeli,Gebze,TRUE,1982,2.059473731574925,17.248945236206055,147.32333333333335
TUR.52.3_1,Kocaeli,Golcuk,FALSE,,6.287609490646196,6.815367221832275,145.95000000000002
TUR.52.4_1,Kocaeli,Kandira,FALSE,,1.0221598928414053,1.8190059661865234,115.70333333333333
TUR.52.6_1,Kocaeli,Korfez,TRUE,2000,1.233019176681629,6.887295246124268,143.03333333333333
TUR.52.7_1,Kocaeli,Merkez,TRUE,,0.8209961473991612,9.144562721252441,148.51666666666668
TUR.53.1_1,Konya,Ahirli,FALSE,,14.17725725720176,0.6518844366073608,102.60333333333334
TUR.53.2_1,Konya,Akoren,FALSE,,24.067828237252485,0.32971426844596863,102.72666666666667
TUR.53.4_1,Konya,Altinekin,FALSE,,11.590122792115633,0.7164250612258911,112.63666666666666
TUR.53.5_1,Konya,Beysehir,FALSE,,3.491865958391696,0.8668501377105713,116.66000000000001
TUR.53.6_1,Konya,Bozkir,FALSE,,10.378055748507501,0.8157223463058472,95.08999999999999
TUR.53.7_1,Konya,Celtik,FALSE,,23.411377096102466,0.4223203957080841,107.70666666666666
TUR.53.8_1,Konya,Cihanbeyli,FALSE,,0.2527685012304932,0.45191511511802673,105.99666666666667
TUR.53.9_1,Konya,Cumra,TRUE,2000,4.892352343146357,1.0112849473953247,119.03333333333335
TUR.53.10_1,Konya,Derbent,FALSE,,11.234003671885329,0.37757211923599243,95.23666666666668
TUR.53.11_1,Konya,Derebucak,FALSE,,11.726040792216121,0.44879189133644104,81.35333333333334
TUR.53.13_1,Konya,Emirgazi,FALSE,,18.73999155009807,0.5987943410873413,114.17999999999999
TUR.53.14_1,Konya,Eregli,FALSE,,5.406052085475733,1.2332642078399658,120.81
TUR.53.15_1,Konya,Guneysinir,FALSE,,10.701801062809412,0.9496440291404724,100.04666666666667
TUR.53.16_1,Konya,Hadim,FALSE,,14.855767740071343,0.5933326482772827,101.96
TUR.53.17_1,Konya,Halkapinar,FALSE,,27.794017641348695,0.2348351627588272,99.57333333333332
TUR.53.20_1,Konya,Kadinhani,FALSE,,12.594878262942695,0.8278946280479431,113.83333333333333
TUR.53.21_1,Konya,Karapinar,FALSE,,4.112913122973385,0.9851950407028198,118.94333333333333
TUR.53.22_1,Konya,Karatay,FALSE,,12.05640623027645,1.2023407220840454,124.56666666666666
TUR.53.23_1,Konya,Kulu,FALSE,,6.331856094816172,0.793634831905365,93.78666666666668
TUR.53.24_1,Konya,Meram,FALSE,,7.206493693114947,1.464789867401123,129.25666666666666
TUR.53.25_1,Konya,Sarayonu,FALSE,,19.720405233481095,0.849917471408844,115.78666666666668
TUR.53.26_1,Konya,Selcuklu,TRUE,1976,3.9789625278309466,7.256785869598389,142.23666666666665
TUR.53.27_1,Konya,Seydisehir,TRUE,,4.126504410565437,1.3397645950317383,118.77666666666666
TUR.53.30_1,Konya,Yalihuyuk,FALSE,,11.51724418370795,0.9301587343215942,99.26666666666667
TUR.53.31_1,Konya,Yunak,FALSE,,25.17241049991185,0.31744182109832764,100.16000000000001
TUR.54.1_1,Kutahya,Altintas,FALSE,,9.82343932610519,0.6272079348564148,104.05
TUR.54.2_1,Kutahya,Aslanapa,FALSE,,5.687867189070686,0.42707425355911255,100.11000000000001
TUR.54.3_1,Kutahya,Cavdarhisar,FALSE,,0.06715417943979742,1.1049070358276367,99.77333333333333
TUR.54.4_1,Kutahya,Domanic,FALSE,,18.668618384199213,0.5608134865760803,106.25333333333333
TUR.54.6_1,Kutahya,Emet,FALSE,,27.448981259409752,0.6713404059410095,108.37666666666667
TUR.54.7_1,Kutahya,Gediz,TRUE,,2.0143254059392097,0.8016569018363953,109.45333333333333
TUR.54.8_1,Kutahya,Hisarcik,FALSE,,23.265525143963686,0.7412520051002502,103.56666666666666
TUR.54.9_1,Kutahya,Merkez,FALSE,,2.7064571155681345,1.833217740058899,129.89333333333335
TUR.54.11_1,Kutahya,Saphane,FALSE,,4.440583773299911,1.1797853708267212,97.57333333333334
TUR.54.12_1,Kutahya,Simav,FALSE,,31.74775994233577,0.9159570336341858,108.94333333333333
TUR.55.1_1,Malatya,Akcadag,FALSE,,3.023838927601635,1.4282277822494507,112.21333333333332
TUR.55.6_1,Malatya,Dogansehir,FALSE,,3.085110124861665,0.6814661622047424,107.07666666666667
TUR.55.11_1,Malatya,Merkez,FALSE,,1.8248374647037424,7.5296502113342285,128.23000000000002
TUR.55.14_1,Malatya,Yesilyurt,TRUE,,10.894582017291995,2.1554055213928223,140.8166666666667
TUR.56.1_1,Manisa,Ahmetli,FALSE,,1.3603042860061545,1.0733541250228882,107.49666666666667
TUR.56.2_1,Manisa,Akhisar,FALSE,,3.970386813382581,1.6066949367523193,119.64999999999999
TUR.56.7_1,Manisa,Kirkagac,FALSE,,4.49231158337472,1.1273703575134277,103.50333333333333
TUR.56.10_1,Manisa,Merkez,TRUE,1999,6.744361835253997,4.134275436401367,144.24333333333334
TUR.56.13_1,Manisa,Saruhanli,FALSE,,1.924652543379746,1.1267969608306885,112.18333333333334
TUR.56.14_1,Manisa,Selendi,FALSE,,15.490456340175031,0.7438263297080994,109.36666666666666
TUR.56.15_1,Manisa,Soma,TRUE,2002,0.03550212071634659,2.1404612064361572,128.86333333333334
TUR.56.16_1,Manisa,Turgutlu,TRUE,1996,0.08697089118357834,3.3911523818969727,123.32000000000001
TUR.57.2_1,Mardin,Derik,FALSE,,15.582914225475713,0.9040680527687073,103.61333333333333
TUR.57.3_1,Mardin,Kiziltepe,TRUE,,5.323040259874553,3.5246498584747314,120.96666666666665
TUR.57.4_1,Mardin,Mazidagi,FALSE,,11.328216354401665,0.9037199020385742,116.75666666666666
TUR.57.5_1,Mardin,Merkez,FALSE,,9.887793319675172,2.039241075515747,135.51666666666665
TUR.58.4_1,Mersin,Camliyayla,FALSE,,21.869169247629703,0.8697139024734497,98.90333333333332
TUR.58.5_1,Mersin,Erdemli,FALSE,,29.768816252383857,1.2953341007232666,119
TUR.58.6_1,Mersin,Gulnar,FALSE,,21.421150266413754,0.9935904741287231,110.92
TUR.58.7_1,Mersin,Merkez,FALSE,,17.294655061166768,5.334113121032715,150.70333333333335
TUR.58.8_1,Mersin,Mut,FALSE,,0.11329796708373598,0.7334668040275574,109.60000000000001
TUR.58.9_1,Mersin,Silifke,TRUE,,20.48092968813827,1.3840984106063843,131.70666666666668
TUR.58.10_1,Mersin,Tarsus,TRUE,,8.926303737080719,3.3627755641937256,121.98000000000002
TUR.59.9_1,Mugla,Milas,FALSE,,2.3468878746017743,1.653597116470337,127.75999999999999
TUR.61.1_1,Nevsehir,Acigol,FALSE,,0.21459148531676672,1.4885966777801514,100.98
TUR.61.4_1,Nevsehir,Gulsehir,FALSE,,8.413614254267593,0.9847880601882935,106.81333333333333
TUR.62.1_1,Nigde,Altunhisar,FALSE,,23.851501544448045,0.8786747455596924,89.10333333333334
TUR.62.2_1,Nigde,Bor,TRUE,,0.23648949671112027,2.4420359134674072,115.71999999999998
TUR.62.3_1,Nigde,Camardi,FALSE,,26.3774358478248,0.6025896668434143,98.13666666666666
TUR.62.5_1,Nigde,Merkez,FALSE,,1.7427908614770966,2.064908266067505,123.48333333333333
TUR.62.6_1,Nigde,Ulukisla,FALSE,,6.920384078187896,0.7267605662345886,99.75333333333333
TUR.63.3_1,Ordu,Camas,FALSE,,14.351850065337496,2.935847282409668,105.92333333333333
TUR.63.5_1,Ordu,Fatsa,TRUE,,5.902998056385846,4.448119640350342,124.21999999999998
TUR.63.8_1,Ordu,Gurgentepe,FALSE,,20.13703796501911,2.5226635932922363,102.52999999999999
TUR.63.11_1,Ordu,Kabatas,FALSE,,26.18558623911875,3.144857168197632,105.75999999999999
TUR.63.12_1,Ordu,Korgan,FALSE,,29.998026975415502,2.6582794189453125,110.38
TUR.63.13_1,Ordu,Kumru,FALSE,,28.828048331242172,2.863596200942993,108.59666666666668
TUR.63.14_1,Ordu,Merkez,FALSE,,2.1152981103149244,6.563676357269287,136.01666666666668
TUR.63.16_1,Ordu,Persembe,FALSE,,5.521259634797762,3.4798130989074707,112.33333333333333
TUR.63.18_1,Ordu,Unye,FALSE,,9.740031983637747,3.4488790035247803,120.57000000000001
TUR.64.2_1,Osmaniye,Duzici,FALSE,,9.960067254635666,1.8320180177688599,123.40333333333332
TUR.64.5_1,Osmaniye,Merkez,FALSE,,5.7889439516643275,4.139697074890137,127.92666666666666
TUR.64.7_1,Osmaniye,Toprakkale,FALSE,,4.368499331359878,2.9578590393066406,134.19333333333336
TUR.65.8_1,Rize,Ikizdere,FALSE,,7.675164068670775,0.35768529772758484,104.09000000000002
TUR.66.2_1,Sakarya,Ferizli,TRUE,,0.34867279937360524,3.009335994720459,123.63666666666666
TUR.66.4_1,Sakarya,Hendek,FALSE,,0.9057078360365014,2.324366807937622,130.46666666666667
TUR.66.6_1,Sakarya,Karasu,FALSE,,3.3913808963472314,2.6268389225006104,113.94333333333334
TUR.66.7_1,Sakarya,Kaynarca,FALSE,,3.5289595033698204,1.6314936876296997,121.33
TUR.66.9_1,Sakarya,Merkez,FALSE,,1.0200746475675826,9.659399032592773,135.86666666666665
TUR.66.10_1,Sakarya,Pamukova,FALSE,,5.538410314741408,1.509153127670288,122.03333333333335
TUR.66.11_1,Sakarya,Sapanca,FALSE,,2.0012408724788955,12.31518268585205,138.52666666666667
TUR.66.12_1,Sakarya,Sogutlu,FALSE,,3.372765240922524,3.0379724502563477,122.18666666666667
TUR.67.3_1,Samsun,Ayvacik,FALSE,,26.27375228715436,1.3960875272750854,110.93666666666667
TUR.67.4_1,Samsun,Bafra,FALSE,,11.897972614511547,1.6644099950790405,114.95
TUR.67.5_1,Samsun,Carsamba,TRUE,,0.8769229219472345,4.112578392028809,116.27666666666666
TUR.67.6_1,Samsun,Havza,TRUE,,7.634317703967321,1.477789044380188,111.98333333333333
TUR.67.7_1,Samsun,Kavak,FALSE,,2.8331835514406793,1.512940764427185,112.97333333333334
TUR.67.8_1,Samsun,Ladik,FALSE,,12.942366397438539,1.2885606288909912,111.19
TUR.67.11_1,Samsun,Salipazari,FALSE,,23.94356656267474,1.6726270914077759,105.47000000000001
TUR.67.12_1,Samsun,Tekkekoy,FALSE,,10.121203211091746,4.486219882965088,123.91333333333334
TUR.67.13_1,Samsun,Terme,FALSE,,3.3275445809517015,3.2650773525238037,109.75666666666666
TUR.67.14_1,Samsun,Vezirkopru,FALSE,,29.89941918308623,0.9630869626998901,114.33999999999999
TUR.68.1_1,Sanliurfa,Akcakale,FALSE,,12.003503096755853,1.8676366806030273,101.05333333333334
TUR.68.3_1,Sanliurfa,Bozova,FALSE,,6.526378591984078,1.0077725648880005,105.27
TUR.68.4_1,Sanliurfa,Ceylanpinar,FALSE,,33.15400236403406,0.8451552391052246,121.46999999999998
TUR.68.6_1,Sanliurfa,Harran,FALSE,,20.796825637198282,2.079406976699829,98.40666666666668
TUR.68.7_1,Sanliurfa,Hilvan,FALSE,,4.285539329346384,1.019578218460083,116.3
TUR.68.8_1,Sanliurfa,Merkez,TRUE,,4.01850198881276,2.975839614868164,117.92333333333333
TUR.68.9_1,Sanliurfa,Siverek,FALSE,,11.146402825166646,0.7849968075752258,105.48
TUR.68.10_1,Sanliurfa,Suruc,FALSE,,3.5423503658158415,2.0826315879821777,107.34333333333332
TUR.68.11_1,Sanliurfa,Viransehir,FALSE,,0.17406501440463387,1.5572160482406616,105.63666666666666
TUR.70.2_1,Sinop,Boyabat,FALSE,,3.595227382336695,0.8037542700767517,110.11333333333333
TUR.70.5_1,Sinop,Erfelek,FALSE,,14.186839100507802,1.2537113428115845,95.55333333333333
TUR.70.6_1,Sinop,Gerze,FALSE,,9.578550335247467,1.2636805772781372,110.59666666666665
TUR.70.7_1,Sinop,Merkez,TRUE,,5.000174756367036,2.3719522953033447,136.50333333333333
TUR.70.8_1,Sinop,Sarayduzu,FALSE,,18.02474509557184,0.7323055863380432,85.82333333333332
TUR.72.2_1,Sivas,Altinyayla,FALSE,,22.055598979090014,0.6135592460632324,117.52666666666666
TUR.72.8_1,Sivas,Hafik,FALSE,,5.829400053153663,0.285754919052124,88.78000000000002
TUR.72.10_1,Sivas,Kangal,FALSE,,8.466788404251336,0.3448793888092041,115.34999999999998
TUR.72.12_1,Sivas,Merkez,TRUE,,3.3292175205241,1.9735535383224487,137.23666666666665
TUR.72.13_1,Sivas,Sarkisla,FALSE,,5.7445216161097115,0.6496047377586365,108.62
TUR.72.15_1,Sivas,Ulas,FALSE,,2.9565721105538874,0.537176251411438,110.77999999999999
TUR.72.16_1,Sivas,Yildizeli,FALSE,,2.285687013301094,0.37611183524131775,100.56333333333333
TUR.73.1_1,Tekirdag,Cerkezkoy,FALSE,,7.910609543485077,4.327711582183838,141.54
TUR.73.2_1,Tekirdag,Corlu,TRUE,2000,2.433144817713162,7.3529815673828125,146.82333333333335
TUR.73.3_1,Tekirdag,Hayrabolu,FALSE,,0.16692749454177291,0.6811221241950989,110.33
TUR.73.4_1,Tekirdag,Malkara,TRUE,,4.678579355650704,0.9652012586593628,115.39999999999999
TUR.73.5_1,Tekirdag,Marmaraereglisi,FALSE,,2.344592275477489,7.077648639678955,115.71333333333332
TUR.73.6_1,Tekirdag,Merkez,FALSE,,0.5825137835100086,2.1090776920318604,139.25
TUR.73.7_1,Tekirdag,Muratli,TRUE,,3.3694073770577297,2.982797145843506,124.90000000000002
TUR.73.8_1,Tekirdag,Saray,FALSE,,2.220358612249756,1.0333524942398071,127.12666666666667
TUR.73.9_1,Tekirdag,Sarkoy,FALSE,,15.882031013018375,1.3894084692001343,103.71666666666665
TUR.74.10_1,Tokat,Turhal,FALSE,,4.858215457612616,1.7026031017303467,114.86333333333334
TUR.74.12_1,Tokat,Zile,FALSE,,6.838695238132992,0.8407844305038452,107.55333333333333
TUR.75.6_1,Trabzon,Caykara,FALSE,,15.030551099583981,0.6028299331665039,111.22666666666667
TUR.76.6_1,Tunceli,Ovacik,FALSE,,43.62128423370099,0.1711726188659668,111.91000000000001
TUR.76.8_1,Tunceli,Pulumur,FALSE,,12.691132914130542,0.19262553751468658,98.96
TUR.77.1_1,Usak,Banaz,FALSE,,1.640777125232726,0.9277359247207642,108.63
TUR.77.2_1,Usak,Esme,FALSE,,21.57999033847721,1.006695032119751,107.70666666666666
TUR.77.4_1,Usak,Merkez,TRUE,1988,0.765588479725672,3.416862726211548,128.13666666666666
TUR.77.5_1,Usak,Sivasli,FALSE,,4.896687162758329,1.270248293876648,102.94666666666666
TUR.77.6_1,Usak,Ulubey,FALSE,,28.665322581103197,0.7427599430084229,106.83333333333333
TUR.78.5_1,Van,Edremit,FALSE,,4.854913574141775,3.7652480602264404,132.79
TUR.78.6_1,Van,Ercis,FALSE,,8.049172246298498,1.4246821403503418,115.76666666666665
TUR.78.7_1,Van,Gevas,FALSE,,1.9857958735444141,0.9170876741409302,121.00666666666666
TUR.78.8_1,Van,Gurpinar,FALSE,,15.066490902093303,0.2583475410938263,108.28333333333335
TUR.78.9_1,Van,Merkez,TRUE,,10.754838343503474,2.4985227584838867,137.25666666666666
TUR.78.10_1,Van,Muradiye,FALSE,,2.8159951712164104,0.9188132882118225,115.07666666666667
TUR.78.11_1,Van,Ozalp,FALSE,,4.385552391065735,0.9155492186546326,110.29
TUR.80.8_1,Yozgat,Merkez,FALSE,,0.16058237320205201,1.1107652187347412,133.20333333333335
TUR.80.11_1,Yozgat,Sefaatli,FALSE,,20.787980302195006,0.7303746938705444,106.44333333333333
TUR.80.14_1,Yozgat,Yerkoy,TRUE,1993,8.98205881598489,0.5601649880409241,114.74000000000001
